system_id,x_Mn,x_Ni,x_Ga,VEC,n_atoms,total_spin_pol_ef,abs_moment_per_atom,mag_ordering,E_per_atom,vol_per_atom,half_metallic_proxy,minority_dos_min_near_ef
system_31,0.0,0.875,0.125,9.125,8,-0.9643065187981572,0.3547635,FM,-4249.612325,10.709984563717924,0.0,0.12407
system_53,0.0,1.0,0.0,10.0,10,-0.9174464418976888,0.6632640999999999,FM,-4560.11585,10.410670235623089,0.0,0.28815
system_208,0.0,1.0,0.0,10.0,2,-0.9090411113677906,0.685264,FM,-4560.1246,10.40713398212769,1.0,0.00099
system_199,0.0,1.0,0.0,10.0,4,-0.9024696592034004,0.68478875,FM,-4560.125025,10.406057361310271,1.0,0.00028
system_95,0.2,0.8,0.0,9.4,10,-0.9013367294452986,0.3826099,FM,-4239.89614,10.35065923448117,0.0,0.39415
system_375,0.0,1.0,0.0,10.0,6,-0.8867411290724452,0.6824826666666667,FM,-4560.1232,10.414225856362446,0.0,0.05641
system_119,0.0,1.0,0.0,10.0,6,-0.8867327019410439,0.6824818333333335,FM,-4560.1232,10.414225856362446,0.0,0.05641
system_216,0.0,1.0,0.0,10.0,6,-0.8817960465503734,0.6848208333333333,FM,-4560.125083333333,10.40727995236271,1.0,0.00125
system_379,0.0,0.875,0.125,9.125,8,-0.8709913031917403,0.36927025,FM,-4249.577675,10.720693074656898,0.0,0.71
system_84,0.0,1.0,0.0,10.0,10,-0.8408476872318046,0.5725867,FM,-4560.12651,10.38769441810932,0.0,0.10354
system_7,0.1666666666666666,0.6666666666666666,0.1666666666666666,8.333333333333332,6,-0.7927735128648231,0.8398315,FM,-3879.143633333333,11.244720528814026,0.0,0.79599
system_140,0.1666666666666666,0.6666666666666666,0.1666666666666666,8.333333333333332,6,0.7861422861818281,0.8391901666666666,FM,-3879.1436166666663,11.210423982536511,0.0,0.78434
system_154,0.0,0.8333333333333334,0.1666666666666666,8.833333333333334,6,0.7569143846452759,0.2415481666666666,FM,-4146.057433333333,10.85942173530529,0.0,0.73496
system_8,0.25,0.5,0.25,7.5,4,-0.7094185848124603,1.229087,FM,-3538.7495,11.923710584353731,0.0,0.13599
system_77,0.5,0.5,0.0,8.5,4,0.6821814548654926,0.856791,FM,-3759.4944,10.49570300017866,0.0,0.40465
system_25,0.25,0.25,0.5,5.75,4,-0.6739638840935389,0.90496775,FM,-2917.26645,13.434461270637437,0.0,0.59345
system_179,0.5,0.5,0.0,8.5,2,-0.6649460537422774,0.855406,FM,-3759.4944,10.495511561721347,0.0,0.19985
system_344,0.5,0.5,0.0,8.5,2,-0.6648756458332364,0.855404,FM,-3759.4944,10.49535253712335,0.0,0.19985
system_149,0.5,0.5,0.0,8.5,2,0.663745382529843,0.8553919999999999,FM,-3759.4944,10.493614783180988,0.0,0.2001
system_270,0.5,0.5,0.0,8.5,2,0.6637300484717105,0.855391,FM,-3759.4944,10.493565092207993,0.0,0.2001
system_110,0.5,0.5,0.0,8.5,2,0.6553066458082178,0.8555685000000001,FM,-3759.49435,10.48405603834741,0.0,0.2033
system_143,0.5,0.5,0.0,8.5,10,-0.6236379111831251,0.7446836,FM,-3759.54003,10.499002736292796,0.0,2.21063
system_239,0.125,0.75,0.125,8.75,8,-0.6183080612401396,0.7545758750000001,FM,-4049.430725,11.023602906420743,0.0,1.34622
system_118,0.5,0.125,0.375,5.875,8,0.6075963670026017,1.21084475,FM,-2827.6282125,12.556149494040104,0.0,1.00728
system_66,0.75,0.25,0.0,7.75,4,0.5928480622511929,0.9104975,FiM,-3359.249,10.490438713452267,0.0,0.73391
system_219,0.75,0.25,0.0,7.75,4,0.5916049248028723,0.9097905,FiM,-3359.249075,10.490692705287266,0.0,0.72739
system_120,0.75,0.25,0.0,7.75,4,0.5914770869717627,0.90968325,FiM,-3359.249075,10.490641158889346,0.0,0.72787
system_263,0.75,0.25,0.0,7.75,4,0.5912093997484592,0.909501,FiM,-3359.249075,10.490263182223442,0.0,0.72783
system_150,0.75,0.25,0.0,7.75,4,0.5903577784510166,0.907134,FiM,-3359.2491,10.490880848158682,0.0,0.72867
system_50,0.1666666666666666,0.1666666666666666,0.6666666666666666,4.833333333333333,6,0.5861493586159542,0.452048,FM,-2636.57455,13.501914378357236,0.0,0.44001
system_126,0.75,0.25,0.0,7.75,4,0.5776409492332332,0.88343475,FiM,-3359.24915,10.479010553326445,0.0,0.73012
system_136,0.25,0.0,0.75,4.0,8,-0.5578726959885569,0.80796,FM,-2295.94115,15.32656099176837,0.0,0.64933
system_264,0.25,0.375,0.375,6.625,8,-0.5529247847614146,0.97521575,FM,-3228.091375,12.10848736610154,0.0,0.63384
system_79,0.25,0.5,0.25,7.5,4,0.5347444685931868,1.06277475,FM,-3538.67555,11.697868189051976,0.0,0.7114
system_196,0.25,0.5,0.25,7.5,4,0.5330757359721194,1.0629355,FM,-3538.6755,11.696670454619635,0.0,0.71616
system_205,0.6666666666666666,0.3333333333333333,0.0,7.999999999999999,6,0.5262679200162975,0.9208743333333334,FiM,-3492.66895,10.51456787175665,0.0,1.43563
system_258,0.375,0.5,0.125,8.0,8,0.521036111797966,0.4753827499999999,FiM,-3649.0629,10.827734139914057,0.0,1.822
system_313,0.375,0.25,0.375,6.25,8,0.512897839453385,0.948082875,AFM,-3027.90575,11.997412438952868,0.0,0.90087
system_307,0.1,0.9,0.0,9.7,10,-0.5034563231110852,0.8759194000000001,FM,-4399.99778,10.579889691089594,0.0,0.93755
system_130,0.25,0.75,0.0,9.25,4,-0.5029641150413297,0.815377,FM,-4159.8288,10.631871175292764,0.0,1.14258
